{
	"format_version": "1.8.0",
	"animations": {
		"ring.loop": {
			"loop": true,
			"animation_length": 3,
			"bones": {
				"bone": {
					"rotation": {
						"0.0": {
							"vector": [0, 0, 0]
						},
						"3.0": {
							"vector": [0, -720, 0]
						}
					},
					"position": {
						"0.0": {
							"vector": [0, 0, 0],
							"easing": "bezier",
							"left": [0, 0.14545, 0],
							"left_time": [-0.1, -0.1, -0.1],
							"right": [0, -0.14545, 0],
							"right_time": [0.1, 0.1, 0.1]
						},
						"0.0417": [0, -0.22631, 0],
						"0.0833": [0, -0.61601, 0],
						"0.125": [0, -1.07609, 0],
						"0.1667": [0, -1.57272, 0],
						"0.2917": [0, -3.12611, 0],
						"0.3333": [0, -3.62816, 0],
						"0.375": [0, -4.10176, 0],
						"0.4167": [0, -4.52628, 0],
						"0.4583": [0, -4.86226, 0],
						"0.5": {
							"vector": [0, -5, 0],
							"easing": "bezier",
							"left": [0, -0.14545, 0],
							"left_time": [-0.1, -0.1, -0.1],
							"right": [0, 0.14545, 0],
							"right_time": [0.1, 0.1, 0.1]
						},
						"0.5417": [0, -4.77369, 0],
						"0.5833": [0, -4.38399, 0],
						"0.625": [0, -3.92391, 0],
						"0.6667": [0, -3.42728, 0],
						"0.7917": [0, -1.87389, 0],
						"0.8333": [0, -1.37184, 0],
						"0.875": [0, -0.89824, 0],
						"0.9167": [0, -0.47372, 0],
						"0.9583": [0, -0.13774, 0],
						"1.0": {
							"vector": [0, 0, 0],
							"easing": "bezier",
							"left": [0, 0.14545, 0],
							"left_time": [-0.1, -0.1, -0.1],
							"right": [0, -0.14545, 0],
							"right_time": [0.1, 0.1, 0.1]
						},
						"1.0417": [0, -0.22631, 0],
						"1.0833": [0, -0.61601, 0],
						"1.125": [0, -1.07609, 0],
						"1.1667": [0, -1.57272, 0],
						"1.2917": [0, -3.12611, 0],
						"1.3333": [0, -3.62816, 0],
						"1.375": [0, -4.10176, 0],
						"1.4167": [0, -4.52628, 0],
						"1.4583": [0, -4.86226, 0],
						"1.5": {
							"vector": [0, -5, 0],
							"easing": "bezier",
							"left": [0, -0.14545, 0],
							"left_time": [-0.1, -0.1, -0.1],
							"right": [0, 0.14545, 0],
							"right_time": [0.1, 0.1, 0.1]
						},
						"1.5417": [0, -4.77369, 0],
						"1.5833": [0, -4.38399, 0],
						"1.625": [0, -3.92391, 0],
						"1.6667": [0, -3.42728, 0],
						"1.7917": [0, -1.87389, 0],
						"1.8333": [0, -1.37184, 0],
						"1.875": [0, -0.89824, 0],
						"1.9167": [0, -0.47372, 0],
						"1.9583": [0, -0.13774, 0],
						"2.0": {
							"vector": [0, 0, 0],
							"easing": "bezier",
							"left": [0, 0.14545, 0],
							"left_time": [-0.1, -0.1, -0.1],
							"right": [0, -0.14545, 0],
							"right_time": [0.1, 0.1, 0.1]
						},
						"2.0417": [0, -0.22631, 0],
						"2.0833": [0, -0.61601, 0],
						"2.125": [0, -1.07609, 0],
						"2.1667": [0, -1.57272, 0],
						"2.2917": [0, -3.12611, 0],
						"2.3333": [0, -3.62816, 0],
						"2.375": [0, -4.10176, 0],
						"2.4167": [0, -4.52628, 0],
						"2.4583": [0, -4.86226, 0],
						"2.5": {
							"vector": [0, -5, 0],
							"easing": "bezier",
							"left": [0, -0.14545, 0],
							"left_time": [-0.1, -0.1, -0.1],
							"right": [0, 0.14545, 0],
							"right_time": [0.1, 0.1, 0.1]
						},
						"2.5417": [0, -4.76907, 0],
						"2.5833": [0, -4.37068, 0],
						"2.625": [0, -3.90079, 0],
						"2.6667": [0, -3.39437, 0],
						"2.7917": [0, -1.81831, 0],
						"2.8333": [0, -1.31314, 0],
						"2.875": [0, -0.84025, 0],
						"2.9167": [0, -0.42213, 0],
						"2.9583": [0, -0.10199, 0],
						"3.0": {
							"vector": [0, 0, 0],
							"easing": "bezier",
							"left": [0, 0.27811, 0],
							"left_time": [-0.1, -0.1, -0.1],
							"right": [0, -0.27811, 0],
							"right_time": [0.1, 0.1, 0.1]
						}
					}
				}
			}
		},
		"ring.spawn": {
			"loop": "hold_on_last_frame",
			"animation_length": 2,
			"bones": {
				"bone": {
					"rotation": {
						"0.0": {
							"post": {
								"vector": [0, 0, 0]
							},
							"lerp_mode": "catmullrom"
						},
						"1.0": {
							"vector": [0, -720, 0],
							"easing": "easeInBack"
						},
						"2.0": {
							"vector": [0, -1082.5, 0]
						}
					},
					"position": {
						"0.0": {
							"post": {
								"vector": [0, 0, 0]
							},
							"lerp_mode": "catmullrom"
						},
						"0.5": {
							"post": {
								"vector": [0, -5, 0]
							},
							"lerp_mode": "catmullrom"
						},
						"1.0": {
							"post": {
								"vector": [0, 0, 0]
							},
							"lerp_mode": "catmullrom"
						},
						"1.5": {
							"post": {
								"vector": [0, -5, 0]
							},
							"lerp_mode": "catmullrom"
						},
						"2.0": {
							"post": {
								"vector": [0, 0, 0]
							},
							"lerp_mode": "catmullrom"
						}
					},
					"scale": {
						"0.0": {
							"vector": [0, 0, 0]
						},
						"1.0": {
							"vector": [1, 1, 1],
							"easing": "easeInExpo"
						}
					}
				}
			}
		}
	},
	"geckolib_format_version": 2
}